row,column,value
method_a,dataset_a,0.78
method_a,dataset_b,0.82
method_a,dataset_c,0.75
method_a,dataset_d,0.86
method_a,dataset_e,0.80
method_b,dataset_a,0.81
method_b,dataset_b,0.85
method_b,dataset_c,0.79
method_b,dataset_d,0.88
method_b,dataset_e,0.83
method_c,dataset_a,0.76
method_c,dataset_b,0.80
method_c,dataset_c,0.84
method_c,dataset_d,0.82
method_c,dataset_e,0.87
method_d,dataset_a,0.85
method_d,dataset_b,0.88
method_d,dataset_c,0.86
method_d,dataset_d,0.91
method_d,dataset_e,0.89
method_e,dataset_a,0.83
method_e,dataset_b,0.87
method_e,dataset_c,0.88
method_e,dataset_d,0.90
method_e,dataset_e,0.93
