category,series,value
setup,Method A,72
setup,Method B,75
setup,Method C,70
setup,Method D,78
setup,Method E,74
setup,Method F,80
setup,Method G,76
setup,Method H,73
ingest,Method A,78
ingest,Method B,77
ingest,Method C,74
ingest,Method D,82
ingest,Method E,79
ingest,Method F,83
ingest,Method G,80
ingest,Method H,76
prefill,Method A,81
prefill,Method B,80
prefill,Method C,79
prefill,Method D,85
prefill,Method E,82
prefill,Method F,86
prefill,Method G,84
prefill,Method H,78
decode,Method A,85
decode,Method B,83
decode,Method C,82
decode,Method D,88
decode,Method E,86
decode,Method F,90
decode,Method G,87
decode,Method H,81
serve,Method A,88
serve,Method B,86
serve,Method C,84
serve,Method D,91
serve,Method E,89
serve,Method F,93
serve,Method G,90
serve,Method H,85
